{"Name":"HealthBaf","Position":{"x":10.744474411010743,"y":0.9900000095367432,"z":-20.146703720092775},"Rotation":{"x":0.0,"y":0.0,"z":0.0,"w":1.0}}